Topic,Foundations,Anchor Locally,Carry State,Price Reliability,Experiments,Frontiers
Motion,Expose naked context,Dress context with coordinates,Close under a rubric,Measure reliable work,Freeze perturb score,Adapt learn transfer
Question,Which operation fails,Which relation must be explicit,Which state may depend on payload,Does structure extend fidelity,Does a local break remove gain,Which mechanism earns promotion
Core object,Reliable downset,Typed context frame,Rubric conditioned closing state,Cost vector and frontier,Matched condition ladder,Learned or native realization
Operations,Find bind count compose,Identify scope pair dereference,Expand update close restore,Compare calibrate falsify,Whole output scoring,Causal path intervention
Representation,Task and failure contract,Sparse block index,Opening metadata versus closing readout,IDs filler repetition redundancy,Valid versus index moved,Adaptive context code
Ambiguity,Versioned selection grid,Separate consequential alternatives,Preserve candidates until evidence,Measure held out surfaces,Control leakage salience spacing,Transfer graph across deployments
Information,Usable capacity by operation,Side information without leakage,Sufficient state without replay,Gain after total cost,Non ceiling selective effect,Compression scaling correspondence
Paper output,Problem metric and falsifier,Compiler and coordinate grammar,Closing state definition,Methods evidence and limits,Versioned selection test,Native state and mechanism study
Decision,Freeze task risk and grid,Use typed IDs before factored codes,Defer momentum mechanics,Claim only highest passed rung,Run local break at matched cost,Promote theory only after prediction
